50036,Mathew Hillatt,75-010-5658,TRUE,8277,74467,GMB10001
50049,Alex Hacquel,44-214-8657,TRUE,7927,95898,GMB10001
50061,M.G.Road,00-568-6394,TRUE,8946,97029,GMB10001
50069,Hope Sinnock,74-488-6287,TRUE,6428,50939,GMB11101
50087,Liva Bulch,44-168-1592,TRUE,8726,32396,GMB10031
50117,Lisha McGriffin,29-724-9242,TRUE,8976,46464,GMB10101
50138,Syman Preskett,83-675-5474,TRUE,9065,19131,GMB10051
50142,Augusta McIlory,05-754-6677,TRUE,8028,52032,GMB10011
50179,Harrie Cawkill,66-191-1759,TRUE,7820,38643,GMB10011
50192,Scot De Lisle,60-599-7747,TRUE,9791,18736,GMB11101
50200,Clayton Redmain,38-653-8511,TRUE,7272,48024,GMB10031
50202,Darla Junkin,27-011-5389,TRUE,5432,85612,GMB10021
50210,Danyette Wonfor,12-695-8464,TRUE,8223,96568,GMB10101
50217,Barny Cattell,51-777-3794,TRUE,5891,94688,GMB10201
50223,Glori Wattisham,55-742-4636,TRUE,8278,64822,GMB10031
50226,Madalyn Greep,36-454-7643,TRUE,9123,40315,GMB10201
50236,Leslie Hedman,89-763-8589,TRUE,8443,31466,GMB10101
50246,Carmine Kesteven,11-341-3860,TRUE,5597,96718,GMB10009
50256,Whitney Bourgour,55-918-9439,TRUE,7943,37502,GMB10051
50265,Amaleta Sprionghall,52-598-4035,TRUE,9965,35828,GMB10201
50271,Raynard Grimme,19-530-2531,TRUE,7706,17053,GMB10051
50277,Yule Ickovitz,25-405-7506,TRUE,8949,22156,GMB10051
50279,Rosabel Jenny,49-540-8725,TRUE,8845,22802,GMB10201
50291,Elissa Jelkes,09-685-6245,TRUE,8091,96803,GMB11101
50345,Yolanthe Mill,97-630-8053,TRUE,6722,78395,GMB10011
60351,Briggs Waller-Bridge,97-836-1801,TRUE,7661,16800,GMB10011
50367,Traver O'Lennane,98-063-7390,TRUE,9427,92922,GMB11101
50368,Lark Feander,30-895-7884,TRUE,5540,95359,GMB10011
50386,Moyra Harback,28-456-6190,TRUE,8305,12361,GMB10011
50430,Raynell Porcher,07-087-9230,TRUE,6003,13511,GMB10011
50432,Melitta Willimont,09-882-5073,TRUE,7807,41706,GMB10101
50456,Pietro Grave,29-991-7970,TRUE,8701,78189,GMB10041
50485,Olenolin Abramowitch,79-803-8928,TRUE,9839,37763,GMB10101
50509,Michal Winthrop,00-362-6749,TRUE,6482,25729,GMB10101
50545,Milzie Binion,15-102-1372,TRUE,7444,58525,GMB10031
50546,Emlynn Cockburn,85-534-9412,TRUE,6883,60927,GMB10041
50556,Judi Glusby,91-085-9846,TRUE,5444,24548,GMB10011
50580,Lonnard Gersam,55-961-8858,TRUE,6947,98637,GMB11101
50597,Dominica Tremblett,35-800-1373,TRUE,5021,59005,GMB10101
50606,Caryl Wardrop,35-168-1468,TRUE,6880,49318,GMB10031
50632,Libbi Galway,34-057-8789,TRUE,7939,74360,GMB10021
50635,Annora Bracci,48-068-6026,TRUE,5645,38548,GMB10041
50679,Sherilyn Farquharson,88-469-3280,TRUE,9142,10265,GMB10201
50691,Tommy Ashby,74-565-3031,TRUE,9485,49057,GMB10031
50700,Bertie Lacoste,78-333-8694,TRUE,9394,71339,GMB10031
60714,Ced Russan,27-591-8826,TRUE,7368,29507,GMB10041
50760,Karalee Martyns,37-814-0381,TRUE,5483,99729,GMB10011
50772,Fulvia Drewery,56-504-3448,TRUE,7178,20937,GMB11101
64777,Barron Grassot,20-462-3446,TRUE,9639,97120,GMB10009
60777,Jacquenette Labet,45-474-8635,TRUE,5494,83257,GMB10001
50801,Deirdre Gingel,93-364-4683,TRUE,6621,80869,GMB10021
50819,Shalne Swadon,50-981-4572,TRUE,6503,69297,GMB10201
50912,Mel Chesterfield,95-472-6817,TRUE,9352,36457,GMB10051
50924,Nikolia Rizzardo,01-868-9246,TRUE,8442,75683,GMB10031
50926,Fielding Christauffour,39-270-0135,TRUE,7880,20564,GMB10101
50949,Piotr Maciejewski,25-039-7429,TRUE,6174,91150,GMB10009
50951,Camille Frantsev,02-993-1461,TRUE,5741,12174,GMB10021
50958,Sybille Edgler,54-523-5215,TRUE,7931,28383,GMB10001
50961,Melony Pitchford,00-936-1755,TRUE,7348,65312,GMB10051
50995,Sutherland Paulino,97-924-5473,TRUE,9444,32045,GMB10031
51004,Merla Benettini,86-192-2955,TRUE,7435,29836,GMB10041
51025,Mariska Bridges,18-678-2255,TRUE,9084,52279,GMB10009
51071,Vanni Pawsey,63-826-7301,TRUE,6259,38316,GMB11101
51081,Sonya Pineaux,38-825-3435,TRUE,8076,43677,GMB10011
51097,Kyle Cullinan,51-716-9797,TRUE,5091,40110,GMB10101
61102,Janey Tithecote,68-838-9572,TRUE,8311,86640,GMB10101
51102,Thomasina Emblen,79-859-1079,TRUE,5627,74217,GMB10031
51160,Shauna Labbey,86-422-6840,TRUE,8544,23870,GMB10051
51213,Ruthann Vanderson,60-560-7395,TRUE,8607,22642,GMB10009
51218,Mahmud Pflieger,96-415-8589,TRUE,9537,37039,GMB10051
51252,Odele Sleightholme,35-205-3562,TRUE,5000,47631,GMB10011
51328,Olenka McCarrick,77-222-2108,TRUE,8049,20749,GMB10051
51389,Marcus Harsnep,82-972-2019,TRUE,5625,28675,GMB11101
51463,Carmon Colecrough,05-168-8877,TRUE,9044,47376,GMB11101
51516,Vivianna Livesay,61-969-0204,TRUE,8887,33155,GMB10051
51518,Cleon Vallantine,55-096-1308,TRUE,6317,15064,GMB10101
51543,Gwendolin Duer,23-163-1647,TRUE,9524,84446,GMB10009
51565,Kaia Atherley,81-512-5780,TRUE,9951,30097,GMB10041
51601,Francklin Slewcock,73-383-9287,TRUE,6419,92268,GMB10051
51623,Ladonna Bounds,70-233-3965,TRUE,5357,21968,GMB11101
51634,Umeko Cordero,12-366-3787,TRUE,6307,12711,GMB10021
51651,Lark Finci,59-109-3551,TRUE,5962,77359,GMB11101
51665,Carolan Telega,76-533-1511,TRUE,6676,75604,GMB10031
51668,Cecile Brandoni,68-571-9965,TRUE,9346,19017,GMB10101
51681,Davis Philipson,20-697-2961,TRUE,9554,23760,GMB10051
51706,Eugine Service,27-430-0451,TRUE,9778,11819,GMB10201
51718,Alikee Knevet,37-577-0825,TRUE,8066,27069,GMB10021
51724,Daria Gracey,39-710-8449,TRUE,9424,18972,GMB10009
51744,Jenica Adacot,96-004-6611,TRUE,8799,76149,GMB10011
51745,Leia Favill,42-692-8122,TRUE,6306,25489,GMB10031
51801,Mitzi Quarterman,06-264-7580,TRUE,9548,42664,GMB10031
51814,Nanni Roffey,59-340-5985,TRUE,7354,30028,GMB10001
51816,Luisa Giacometti,58-755-3511,TRUE,8628,10110,GMB10021
51829,Uriah Hardesty,36-016-3881,TRUE,6729,59662,GMB10021
51830,Gleda Wyche,84-320-2605,TRUE,9519,40810,GMB10031
51831,Darryl Toner,48-442-0081,TRUE,9954,54177,GMB10101
51839,Faina Munkley,27-692-6896,TRUE,8997,69938,GMB11101
51845,Helen Cubbon,65-266-1688,TRUE,9749,94071,GMB10021
51854,Dore Fells,01-805-4483,TRUE,7956,64203,GMB10011
51865,Ronnie Worral,04-597-3394,TRUE,8996,71606,GMB10021
51885,Korey Bantham,63-276-5954,TRUE,9993,62491,GMB10051
51897,Ingamar Porcas,90-458-4023,TRUE,7064,75998,GMB10031
51908,Mirabel Hampshire,57-250-3815,TRUE,9222,66985,GMB10041
51918,Robinia Plumridge,53-468-6856,TRUE,6200,75300,GMB10041
51934,Sarge Stoggles,49-107-9152,TRUE,8008,12974,GMB10021
51988,Harriott Kingsnode,77-333-1931,TRUE,7811,75874,GMB11101
51998,Tremain Paulitschke,43-873-0914,TRUE,9617,48102,GMB11101
52029,Gilburt Edsell,42-857-1199,TRUE,8599,47448,GMB10031
52061,Ezra Patterson,39-836-5242,TRUE,6103,15072,GMB10001
52074,Aline Becerro,82-241-1312,TRUE,5884,80876,GMB10051
52086,Ellswerth Pickerin,72-522-9149,TRUE,9039,54361,GMB10031
52094,Trumaine Bate,83-587-3663,TRUE,9358,37148,GMB10009
52102,Antonina Blackborn,52-852-5012,TRUE,6775,98251,GMB10021
52114,Gene Ashton,45-320-2405,TRUE,7047,25672,GMB10101
52137,Anett Greave,12-129-5121,TRUE,6714,79616,GMB10051
52167,Joanna Sowten,56-325-5079,TRUE,8654,56283,GMB10021
52217,Livvyy Blacket,13-597-0087,TRUE,6779,76799,GMB10051
52221,Richy Guerriero,19-011-8228,TRUE,8806,94734,GMB10041
52230,Boote Barhims,51-745-8905,TRUE,5423,92391,GMB10051
52279,Shea Benaine,05-824-6261,TRUE,6157,45916,GMB10009
62285,Valaree Saing,13-353-5986,TRUE,5613,78396,GMB10001
52285,Reinold Kirrage,87-446-5521,TRUE,7815,14403,GMB10101
52300,Bryan Bartolini,13-291-6022,TRUE,5935,95729,GMB10009
52308,Beau Harbison,39-054-0526,TRUE,7868,68034,GMB10051
62374,Morty Travis,76-192-0307,TRUE,5687,71469,GMB10009
52384,Lian Alfonsetti,36-724-6858,TRUE,8725,65622,GMB10051
52421,Camella Beach,49-536-9635,TRUE,8544,56448,GMB10011
52422,Carla Throughton,05-698-8673,TRUE,5421,19210,GMB10101
52435,Gabbie Lindenboim,10-463-5459,TRUE,5684,72887,GMB10009
52470,Emeline Flower,28-820-7472,TRUE,6778,36747,GMB10001
52518,Jacinta Mc Andrew,92-376-5943,TRUE,5761,70711,GMB10001
52560,Massimo Kermath,68-148-7598,TRUE,6591,55739,GMB10021
52591,Miner Gossling,39-092-2675,TRUE,5967,69857,GMB10201
52609,Oneida Greaves,67-554-9728,TRUE,9874,90064,GMB10041
62709,Ade Rosenstiel,86-282-9065,TRUE,9838,59088,GMB10001
52727,Temp Upchurch,85-659-9425,TRUE,9974,62160,GMB10051
52740,Emelia Dalliston,63-085-3115,TRUE,6793,10895,GMB11101
52763,Charmion Wardrop,90-701-3551,TRUE,8741,35967,GMB11101
52793,Jolene Crust,84-004-4548,TRUE,7789,35514,GMB11101
52794,Adey O'Scollee,29-590-3549,TRUE,7365,41814,GMB10041
52806,Katherina Dollard,86-788-6970,TRUE,9684,56345,GMB10001
52872,Pepito Haime,01-007-4570,TRUE,7410,35925,GMB10001
52878,Christopher Pighills,66-119-8590,TRUE,8214,16091,GMB10041
52887,Gennifer Woolland,37-167-5489,TRUE,9184,63258,GMB10101
52888,Jeannette Bogaert,24-287-9686,TRUE,8585,44051,GMB10201
52894,Yasmin Wimlet,36-332-0620,TRUE,6076,89095,GMB10021
52898,Stanislaus Weond,48-480-6578,TRUE,9395,46198,GMB10001
52914,Olivie Sands-Allan,68-394-3167,TRUE,7664,45090,GMB11101
52923,Shay Biddles,45-993-7154,TRUE,5121,10950,GMB10041
52975,Norene Videan,85-654-6629,TRUE,8037,89114,GMB10041
52988,Gallard Pickles,30-883-0305,TRUE,6807,72020,GMB11101
52991,Letisha McHaffy,08-204-7453,TRUE,6347,68721,GMB10011
53040,Joseito Casham,51-419-4346,TRUE,7724,28484,GMB10011
53041,Katusha Spyvye,81-444-5704,TRUE,9307,29929,GMB10011
53052,Cacilie Paxton,91-679-4755,TRUE,7765,44432,GMB10101
53082,Adiana Richfield,21-761-3228,TRUE,7553,28150,GMB10011
53098,Maegan Kilcoyne,54-469-5493,TRUE,9319,22418,GMB10051
53114,Lothaire Tolland,58-401-5432,TRUE,7289,71465,GMB10101
53158,Ingeberg Gason,26-730-1876,TRUE,6878,24237,GMB10011
53169,Torre Presley,85-096-2314,TRUE,8942,30836,GMB10011
53192,Serge Sibthorpe,83-797-5732,TRUE,7194,79174,GMB10009
53204,Boyd Puckring,22-188-7116,TRUE,7078,45917,GMB10021
53246,Odette Eary,44-404-3672,TRUE,5366,97869,GMB10101
53268,Odelinda Prinett,27-915-3368,TRUE,8975,29165,GMB11101
53289,Joyann Andriuzzi,90-618-7098,TRUE,9614,73667,GMB10051
53311,Maxwell Jackett,59-886-8853,TRUE,6667,21807,GMB10041
53328,Rutter Gavahan,80-562-5799,TRUE,6376,23749,GMB10041
53347,Reggie Puzey,73-951-1092,TRUE,8837,68671,GMB10041
53376,Corny Hazel,97-727-5599,TRUE,9130,51020,GMB10051
53400,My Etienne,46-442-2196,TRUE,7056,22934,GMB10009
53446,Anestassia Hornung,77-521-5944,TRUE,7720,23145,GMB10101
53482,Corry Heggman,13-011-7766,TRUE,8049,76325,GMB10031
53483,Fredericka Statefield,19-821-0580,TRUE,5369,33930,GMB10031
53495,Leanora Matushevitz,09-407-5207,TRUE,8303,32264,GMB10041
53502,Shane O'Tuohy,79-359-9051,TRUE,7812,85960,GMB10201
53577,Kaylyn Rosso,13-550-5925,TRUE,9677,19086,GMB10041
53580,Templeton Benion,92-990-5117,TRUE,9621,35725,GMB10201
53598,Gabriello Puddephatt,42-918-5749,TRUE,6281,79384,GMB10041
53607,Everett Raisher,81-580-2468,TRUE,7320,57939,GMB10201
53656,Jeana Fewster,42-176-7140,TRUE,7082,82933,GMB10009
53661,Willa Senecaut,86-562-9868,TRUE,8615,17575,GMB11101
53670,Ally Taig,43-643-4730,TRUE,6676,82304,GMB10001
53736,Gerrie Widdall,19-977-4301,TRUE,8247,46822,GMB11101
53761,Booth Fulks,98-399-3427,TRUE,8958,20316,GMB10009
53788,Denys Cloake,54-102-4895,TRUE,8974,99910,GMB10201
63795,Joel Bibey,79-568-0274,TRUE,6196,76553,GMB10009
53814,Tam Ahren,94-316-0132,TRUE,5614,55174,GMB10051
53868,Ricky Royston,62-283-4887,TRUE,9988,55879,GMB10001
53871,Even Mathelon,70-104-2016,TRUE,5896,46310,GMB10101
53875,Lexie Issit,58-732-1648,TRUE,5919,72280,GMB10041
53877,Elia Clemmen,07-637-7754,TRUE,6456,36136,GMB10009
53888,Garrard Pollastro,35-421-1991,TRUE,9455,92668,GMB10041
63919,Dag Blacker,38-646-1041,TRUE,9080,41657,GMB10001
53919,Korella Medgewick,12-072-0203,TRUE,8429,23436,GMB10009
53927,Hersch Burnitt,48-226-8064,TRUE,7635,93452,GMB10031
53937,Janene Bichard,95-734-8194,TRUE,8635,61015,GMB10001
53940,Mallorie Crosio,95-957-7776,TRUE,8583,19304,GMB10009
63953,Johannah Frantsev,26-753-3674,TRUE,8913,38489,GMB10021
53993,Karissa Tredwell,96-402-9640,TRUE,6036,49608,GMB10011
53999,Kai Polson,46-682-8925,TRUE,7028,15950,GMB10101
54039,Michele Bozier,70-515-9169,TRUE,6531,28249,GMB10201
54070,Bryanty Vasser,38-618-5629,TRUE,5711,79861,GMB10101
54074,Ciel Benge,32-837-5995,TRUE,6610,22080,GMB10201
54101,Zarah Rickerby,16-870-4326,TRUE,9339,76170,GMB10101
54104,Hendrik Flaxon,92-163-4490,TRUE,5801,53207,GMB10031
54125,Elianora Thickin,87-152-4293,TRUE,8366,84614,GMB11101
54126,Kora Chatters,11-551-3226,TRUE,9579,15768,GMB10031
64193,Ignace Reichardt,87-736-6306,TRUE,5131,59442,GMB10009
54216,Loraine Lanphere,47-527-7040,TRUE,6753,87986,GMB10001
54228,Baillie Trotton,49-281-0472,TRUE,5363,50343,GMB10011
54241,Ernesta Gatsby,24-556-3784,TRUE,9466,17336,GMB10201
54246,Leonidas Korneichuk,16-661-0634,TRUE,5180,37010,GMB10101
54249,Martica Banfield,58-720-1808,TRUE,8110,62105,GMB10041
54291,Brittne Boshell,55-049-4796,TRUE,8916,77097,GMB10201
54355,Coleman Ing,61-615-9417,TRUE,6151,59839,GMB10001
54384,Magdalena Boanas,51-402-9442,TRUE,9543,70973,GMB10101
64419,Alanson Firman,63-192-3525,TRUE,8114,68675,GMB11101
54549,Garey Geany,16-636-4060,TRUE,6025,37712,GMB10001
54584,Joey McGuckin,93-518-1442,TRUE,6189,10517,GMB10101
54608,Jeramie Llewelly,60-509-5358,TRUE,7828,78392,GMB10001
54638,Happy Metherell,14-150-2549,TRUE,7221,38135,GMB10001
54709,Delmor Saby,68-106-8704,TRUE,9217,42621,GMB10011
54778,Addy Houchin,05-564-7409,TRUE,6163,66104,GMB10021
54792,Iorgos Allard,21-367-2334,TRUE,8096,16444,GMB10011
54805,Palm Crewes,38-869-3040,TRUE,5431,71339,GMB10101
54814,Matthaeus Gertz,54-993-4026,TRUE,5560,70007,GMB10021
54870,Griffith Romayn,16-291-1953,TRUE,7363,62739,GMB10201
54903,Ame Steventon,39-400-7420,TRUE,6703,37346,GMB10201
54926,Haroun Lain,87-719-0607,TRUE,5218,19297,GMB10011
54938,Saidee Jocelyn,06-095-3758,TRUE,9094,36914,GMB10041
54951,Gibb Nottram,69-894-7417,TRUE,7238,33929,GMB10009
54970,Alden Aggus,96-851-0930,TRUE,6533,45851,GMB11101
54980,Merci Deare,27-498-7847,TRUE,7503,32809,GMB10051
55034,Josselyn Labusch,69-104-8246,TRUE,6468,75865,GMB10001
55044,Sanford Canniffe,47-581-0586,TRUE,6254,91763,GMB10201
55093,Magnum Skittrall,31-379-0786,TRUE,6648,50455,GMB10041
55102,Carlyn Platfoot,17-723-1192,TRUE,9135,16124,GMB11101
55103,Renata Pinchin,87-126-7550,TRUE,7524,40806,GMB10001
55118,Pincus Reston,94-029-9226,TRUE,7105,24511,GMB10021
55123,Murry Cuffe,94-835-7853,TRUE,7407,78652,GMB10001
55134,Raynor Stickney,14-131-9751,TRUE,7780,26480,GMB10201
55165,Dorthea Leitch,26-762-3518,TRUE,6854,96671,GMB10101
55183,Doloritas Irvine,41-590-9742,TRUE,9584,42844,GMB10041
55186,Jaymie Budget,67-862-7591,TRUE,5016,34084,GMB10001
55188,Ezekiel Dempsey,56-413-4469,TRUE,8213,78492,GMB10041
55197,Lynnea Bennis,95-591-9460,TRUE,7261,56709,GMB10101
55209,Lock Worstall,96-001-3956,TRUE,8162,88303,GMB11101
55218,Adelice Masden,67-174-4140,TRUE,7337,43476,GMB10041
55224,Salvatore Fritter,30-710-9540,TRUE,7430,44663,GMB10201
55260,Valentino Gudeman,86-968-1311,TRUE,8201,48809,GMB10051
55263,Jada Sayers,39-448-2361,TRUE,6175,99362,GMB10051
55270,Myrna Kershaw,17-934-1202,TRUE,8177,99314,GMB10009
55282,Kristen Houchin,88-799-2466,TRUE,6635,59861,GMB10051
55296,Laural Furmage,75-025-9343,TRUE,6490,89603,GMB10009
55312,Loria Attril,94-509-9174,TRUE,9294,74056,GMB10011
55326,Irina Plesing,04-917-5729,TRUE,7109,86274,GMB10101
55345,Felicle Pape,08-978-4757,TRUE,8548,15765,GMB10009
55386,Charil Thor,13-326-5453,TRUE,8996,81335,GMB10001
55403,Magdalen Rosenschein,38-368-1289,TRUE,7481,42426,GMB10009
55494,Doreen Meardon,88-112-5792,TRUE,5075,61964,GMB10031
55599,Sheela Milham,30-619-0377,TRUE,9108,69998,GMB10031
55619,Barbara-anne McLeoid,80-083-8741,TRUE,8693,61119,GMB11101
55646,Shurlock Rodenburg,38-613-8077,TRUE,9956,48036,GMB10031
65648,Bentley Swanton,87-054-2337,TRUE,9362,91354,GMB10021
55653,Denice McDade,06-705-3857,TRUE,8155,43409,GMB10101
55677,Dona Selbach,91-845-6695,TRUE,6848,48326,GMB11101
55706,Jakie Curner,65-149-8291,TRUE,8047,58432,GMB10051
55722,Salomi Fines,58-515-9562,TRUE,6773,41224,GMB10021
55736,Calla Tarrant,33-058-1218,TRUE,7024,55933,GMB10101
55757,Coleen Leynagh,53-949-0402,TRUE,8893,62564,GMB10011
55812,Clevie Knight,49-873-6838,TRUE,9423,62782,GMB10041
55823,Jemimah Jailler,11-108-7257,TRUE,6627,66682,GMB10001
55837,Christi Quixley,32-807-7542,TRUE,9115,67571,GMB10041
55865,Claresta Ridgley,80-594-7376,TRUE,8607,22396,GMB10051
55913,Norrie Quenell,08-401-6284,TRUE,7522,68822,GMB10001
55921,Gregoire McMeyler,38-176-4229,TRUE,9618,96531,GMB10021
55966,Reggy Gager,78-615-6156,TRUE,5054,34072,GMB11101
56005,Hyman Falkinder,48-118-8664,TRUE,7699,58221,GMB10021
56035,Janine Jaimez,56-368-4586,TRUE,9768,35146,GMB10011
56036,Aryn Warsap,31-563-5601,TRUE,5992,15372,GMB10001
56059,Hermy Barles,83-718-6520,TRUE,5493,40748,GMB10031
56067,Colan Rainger,37-921-0511,TRUE,8389,96035,GMB10201
66078,Roman Pickersgill,64-942-3126,TRUE,9083,73323,GMB10201
56085,Tonie Evesque,00-181-0525,TRUE,8581,97890,GMB10051
56088,Cathrine Chugg,87-870-2231,TRUE,6523,36058,GMB10009
56102,Ange Southerill,59-036-6183,TRUE,7308,73596,GMB10031
56108,Chickie Buye,77-679-4436,TRUE,6969,43205,GMB10041
56148,Greta Willgress,41-390-6702,TRUE,5923,13710,GMB10021
56207,Caressa Bulmer,08-400-1145,TRUE,8441,50563,GMB10021
56211,Martelle Jessett,31-172-5559,TRUE,6549,36169,GMB10031
56239,Anneliese Limprecht,30-480-6795,TRUE,6231,32810,GMB10051
56245,Teddy Rosel,89-214-0602,TRUE,5133,14803,GMB10051
56279,Reed Pollendine,29-015-2008,TRUE,6525,59237,GMB10041
56297,Mil Bree,17-525-8404,TRUE,7294,67773,GMB10201
56315,Murray Hoodlass,18-178-6280,TRUE,5726,52711,GMB10001
56320,Shannon Betho,42-886-5733,TRUE,5442,66910,GMB10001
56327,Livia Llewellen,07-034-7786,TRUE,7667,51674,GMB11101
56411,Inga Mumberson,92-980-3696,TRUE,9466,97588,GMB10051
56412,Burk Shade,01-701-4745,TRUE,9091,32734,GMB10101
56416,Gnni de Grey,78-766-3800,TRUE,6344,11067,GMB10021
66421,Orelia Paulig,09-061-5311,TRUE,9374,71744,GMB10031
56421,Patti Volante,74-686-9494,TRUE,6301,22117,GMB11101
56423,Zuzana Coggan,16-104-8163,TRUE,5899,48037,GMB10011
56439,Winona Giovannacci,96-536-4204,TRUE,7695,73453,GMB10011
56454,Melonie Huxham,89-238-2951,TRUE,7788,84220,GMB11101
56459,Deane Cousen,75-535-0133,TRUE,6892,82200,GMB10051
56463,Bibi Scorah,72-744-8428,TRUE,5135,32261,GMB11101
56485,Katerine Bank,10-139-4899,TRUE,8576,52442,GMB10031
56490,Anne-marie Duffin,57-838-1452,TRUE,8557,82000,GMB10201
56516,Simonette Bras,87-060-0529,TRUE,9062,14329,GMB10011
56544,Mariellen Fitzroy,00-378-6275,TRUE,8217,26636,GMB10009
56610,Mel Evangelinos,55-907-6138,TRUE,8039,98874,GMB10051
56621,Vincent Melloi,67-296-1109,TRUE,9555,73104,GMB10101
56628,Kerrie Collip,66-014-1130,TRUE,9976,12049,GMB10041
56633,Penn Tale,74-842-6795,TRUE,7782,19307,GMB10011
56642,Effie O' Bee,95-648-4021,TRUE,9344,42902,GMB11101
56646,Christine Assel,43-199-4227,TRUE,5922,80687,GMB10031
56700,Candra Knibb,12-010-8659,TRUE,5969,43802,GMB10009
56718,Willetta Kubalek,44-656-2496,TRUE,6120,75616,GMB10001
56720,Krisha Salisbury,51-202-7397,TRUE,6888,84924,GMB10041
56748,Mikael Burchett,07-333-6866,TRUE,9442,12667,GMB10011
56765,Pippy Adamowitz,73-664-5018,TRUE,8534,27155,GMB10021
56791,Konrad Burchnall,29-728-9043,TRUE,5418,16441,GMB10101
56798,Wendall Tapenden,91-396-6375,TRUE,8756,93526,GMB10041
56824,Richmound Tayloe,37-020-3422,TRUE,9202,49417,GMB10011
56877,Chane Gotcher,34-928-0671,TRUE,6497,53942,GMB10001
56894,Zea Van der Daal,31-125-0201,TRUE,8617,97129,GMB10001
56911,Rube Olyfat,44-960-7477,TRUE,8392,12471,GMB10051
56914,Justina Posten,02-231-8255,TRUE,5529,60639,GMB11101
56923,Erinna Aujean,06-594-7255,TRUE,6547,55198,GMB11101
56929,Shandeigh Dugan,51-512-2413,TRUE,8902,22763,GMB10051
56934,Roanna Parnby,18-405-2250,TRUE,9812,56785,GMB10201
56953,Ediva Mucklow,03-172-1251,TRUE,8964,11763,GMB10001
56974,Brittni Dighton,94-654-5562,TRUE,5164,40611,GMB10031
56982,Wendall Gurnay,40-834-5459,TRUE,5779,90252,GMB10021
57003,Kessia Barefoot,63-662-9313,TRUE,9939,39870,GMB10021
57044,Ellynn Grimbaldeston,45-862-7836,TRUE,5224,99217,GMB10051
57054,De witt Foffano,47-612-2106,TRUE,5980,90815,GMB10009
57094,Shoshanna Huchot,50-200-4199,TRUE,5125,92274,GMB11101
67101,Flora Minear,97-189-8507,TRUE,5888,29284,GMB10011
57101,Sutton Scoffins,16-929-5334,TRUE,7391,23297,GMB10031
57120,Ruggiero Ruslin,91-715-0706,TRUE,8386,39281,GMB11101
57146,August Fehners,79-895-1068,TRUE,5578,28155,GMB10041
57226,Dalis Anning,72-154-2117,TRUE,6542,57506,GMB10011
57229,Eldredge Carson,21-333-7867,TRUE,9738,51289,GMB11101
57269,Warren Beeden,77-281-1491,TRUE,9719,92031,GMB10021
57278,Ethelda Roads,45-257-4257,TRUE,6633,33749,GMB10001
57280,Rikki Witton,40-577-7402,TRUE,5999,60589,GMB10051
57294,Diego Yakolev,72-663-9702,TRUE,6681,72013,GMB10001
57339,Bentley Deedes,85-245-9714,TRUE,9005,72312,GMB10009
57343,Ignace Armatage,10-743-9988,TRUE,7008,50868,GMB11101
57351,Karlen Barrott,92-300-3866,TRUE,7116,11510,GMB10031
57356,Marchall Chinge de Hals,05-596-9751,TRUE,7626,15708,GMB10101
57366,Jessamyn Burles,63-741-9110,TRUE,5053,88685,GMB10051
57370,Horacio Villa,58-728-8679,TRUE,5924,22071,GMB11101
57371,Godard Seal,76-128-3251,TRUE,6986,39345,GMB10051
57396,Lloyd Sidey,11-970-6785,TRUE,5859,64463,GMB10031
57402,Kenon Secombe,18-807-5280,TRUE,6347,34646,GMB11101
57417,Marcelia Georgius,89-979-1667,TRUE,9738,90718,GMB10041
57426,Donall Jope,92-796-6743,TRUE,7600,93923,GMB10001
57434,Tiena Licence,52-787-3188,TRUE,6694,79237,GMB10001
57435,Beaufort Favell,20-846-6688,TRUE,5974,47926,GMB10021
57441,Imogen Dives,55-631-8330,TRUE,9390,12028,GMB10001
57443,Shannon Shird,63-610-6583,TRUE,9738,14340,GMB10021
57445,Georgiana Klejin,82-084-2910,TRUE,5839,85193,GMB11101
57477,Montague Julyan,79-350-9997,TRUE,7344,16833,GMB10031
57485,Timmie Coursor,17-620-2413,TRUE,6680,42689,GMB10021
57530,Halie Cullen,43-015-2395,TRUE,9478,30607,GMB10011
57554,Sabrina Grzelczyk,54-509-6232,TRUE,6328,41413,GMB10201
57563,Axel Pontin,04-285-6275,TRUE,8474,47876,GMB10011
57597,Bertie Elphinston,93-922-0845,TRUE,5964,81715,GMB10051
57619,Clemence Foddy,24-100-6276,TRUE,6180,74129,GMB10009
57641,Colin Twitching,98-350-5380,TRUE,7136,15184,GMB11101
57644,Janot Tampion,40-344-0983,TRUE,6297,22199,GMB10001
57646,Lucho Pritchett,21-493-9848,TRUE,6614,27096,GMB10101
57648,Silas Gillease,04-988-3858,TRUE,7961,66244,GMB10201
57658,Astrix Thoresby,27-465-5237,TRUE,8512,65134,GMB10041
57701,Karylin Sach,93-335-4344,TRUE,7386,90375,GMB10041
57770,Emeline Opie,31-897-0780,TRUE,6360,93708,GMB10051
57805,Brinn Darnell,52-892-0888,TRUE,8425,74323,GMB10021
57815,Torr Tufts,37-480-1383,TRUE,6793,48764,GMB10201
57838,Syd Vasilyevski,40-517-0042,TRUE,6107,99267,GMB10001
57895,Mace Clemonts,46-933-1071,TRUE,6890,44898,GMB10021
57915,Quint Towhey,64-692-4999,TRUE,9617,80676,GMB11101
57975,Lorry Cornew,07-464-2938,TRUE,7226,56261,GMB10011
58014,Vittorio Matz,65-947-9443,TRUE,9684,72002,GMB10011
58043,Stanly Kearsley,83-841-3800,TRUE,5932,76213,GMB10009
58047,Chelsie Ribbens,60-530-2004,TRUE,7738,70316,GMB10031
58083,Lilias Granham,38-573-0068,TRUE,5945,17605,GMB10011
58093,Estevan Dingley,27-659-0406,TRUE,7147,88695,GMB10001
58121,Hamish Collard,76-025-3060,TRUE,5966,11616,GMB10021
58126,Jazmin Saxelby,97-566-7824,TRUE,8193,43028,GMB10009
58142,Sibelle Penberthy,63-547-7174,TRUE,7451,93304,GMB10101
58150,Joey Smidmor,93-091-2586,TRUE,8364,65744,GMB10021
58179,Brody Starmore,26-611-0632,TRUE,5144,21471,GMB11101
58207,Eduard Skirving,38-932-8749,TRUE,9217,84752,GMB10001
58209,Lynn Juett,35-338-2197,TRUE,7860,85275,GMB10051
58251,Kirby MacCaughen,18-308-8590,TRUE,6767,25298,GMB11101
58343,Charlotta Kittman,01-026-8913,TRUE,9171,17012,GMB10009
68369,Parker Duckerin,79-165-2475,TRUE,7687,34772,GMB10201
58369,Kailey Hubery,72-041-7321,TRUE,8072,56368,GMB10101
58386,Herrick Polye,33-463-7333,TRUE,9128,67799,GMB10021
58399,Josias Weyman,56-987-4089,TRUE,9993,23365,GMB10011
68405,Amble Carass,66-960-5823,TRUE,5482,76316,GMB10041
58482,Jacquenette Burdin,81-664-6571,TRUE,7822,68138,GMB10051
68506,Rosamund McQuin,62-174-8855,TRUE,7798,77153,GMB11101
58513,Ebonee Kalinsky,13-768-7363,TRUE,9453,63476,GMB10001
58583,Berkie Pagan,50-986-2502,TRUE,9220,73499,GMB10009
58619,Darryl MacAnelley,97-271-7597,TRUE,5695,62882,GMB10051
58624,Perren Boanas,57-418-1713,TRUE,9937,15271,GMB10001
58663,Rosalind O'Keenan,80-541-8715,TRUE,7784,55183,GMB10001
58666,Leeland Flacke,68-984-5764,TRUE,5058,21920,GMB10051
58668,Bambi Fullerlove,55-526-3045,TRUE,8063,77402,GMB10101
58673,Dana Heckner,39-617-0607,TRUE,9016,12602,GMB10009
58692,Judi Mullin,87-285-7407,TRUE,6861,17129,GMB10009
58700,Arlen Aleksankov,74-697-2169,TRUE,8290,19367,GMB10009
58750,Dav Scholcroft,50-408-3169,TRUE,6522,15404,GMB10051
58800,Spike Pentin,12-576-4359,TRUE,5223,61951,GMB10051
58823,Kania Milner,35-088-8458,TRUE,6550,73290,GMB10011
58872,Christi Perelli,13-501-4694,TRUE,5057,51758,GMB10001
58873,Kikelia Corstorphine,96-735-0858,TRUE,7570,85948,GMB10041
58881,Amalea Scading,99-559-8743,TRUE,6475,81077,GMB10031
58908,Beniamino Jouaneton,65-430-6412,TRUE,6587,24420,GMB10051
58926,Ardella Sharland,42-122-9901,TRUE,9111,68681,GMB10031
58933,Nanon Howsego,20-788-3192,TRUE,5052,86309,GMB10001
58945,Sandie Cayette,36-086-2553,TRUE,7269,27610,GMB10021
58975,Pattie Groves,76-932-7805,TRUE,8255,61082,GMB10031
58984,Corabelle Lamperd,95-438-0778,TRUE,6991,73237,GMB10041
59030,Cassaundra Downham,30-352-0683,TRUE,9517,56178,GMB10051
59035,Miguel Lieb,26-640-9631,TRUE,9384,93307,GMB10021
59100,Abbe Ruddle,53-321-8982,TRUE,8963,62860,GMB10201
59120,Mead Drohun,43-952-0630,TRUE,7245,68536,GMB10051
59202,Grata Latimer,49-269-7712,TRUE,6218,75650,GMB10021
59216,Mira Clayson,71-701-4934,TRUE,8198,76553,GMB10041
59224,Cece Rosekilly,11-383-9610,TRUE,6026,98044,GMB10031
59245,Gardener Hugenin,50-647-8160,TRUE,5105,38200,GMB10201
59246,Gerri Yushin,13-793-7868,TRUE,8444,79634,GMB10051
59255,Martita Daftor,20-866-9770,TRUE,7819,87279,GMB10031
59327,Clari Daice,47-628-3900,TRUE,6384,92659,GMB10021
59332,Ramonda Piotr,07-891-6933,TRUE,5745,56925,GMB10031
59347,Harri Oneill,12-972-3966,TRUE,6788,72037,GMB10031
59412,Waylan Degue,98-676-1216,TRUE,9181,51598,GMB10009
59420,Melicent Chippendale,33-922-4938,TRUE,6327,31281,GMB10041
59438,Ashbey Forst,63-271-0663,TRUE,8521,78960,GMB10001
59452,Hagen Bellchamber,47-779-0412,TRUE,9708,79274,GMB10051
69479,Jo Powter,30-476-9343,TRUE,5321,99811,GMB10021
59563,Gianna Liverseege,15-773-6113,TRUE,9642,44978,GMB10021
69589,Rourke Pharaoh,43-725-1333,TRUE,6048,14102,GMB11101
59599,Abby Carrol,57-904-5266,TRUE,6911,64422,GMB10101
59642,Rafaello Sproul,52-720-0096,TRUE,6619,76491,GMB10031
59652,Juliann Nethercott,73-328-5352,TRUE,7541,67195,GMB11101
59654,Sabina Ternott,59-661-2077,TRUE,5404,23533,GMB10009
59665,Packston Shoutt,33-768-8042,TRUE,6716,81093,GMB10021
59708,Rainer Siggers,00-341-9647,TRUE,6177,81914,GMB10201
59721,Egbert Paddefield,49-383-0430,TRUE,8265,30187,GMB10011
59736,Nickolaus Blasli,05-229-9808,TRUE,7315,74927,GMB10201
59743,Elvis Haulkham,15-891-1671,TRUE,5792,86806,GMB10021
69757,Lara Castrillo,03-437-8679,TRUE,7189,56996,GMB10009
59759,Eddi Willstrop,16-764-9007,TRUE,5773,73901,GMB10201
59778,Serge Hellin,85-966-1523,TRUE,6370,34193,GMB10101
59780,Jeramey Gilchrist,98-437-4101,TRUE,5902,40349,GMB10021
59810,Maudie Dougharty,79-717-2691,TRUE,7875,71816,GMB10041
69832,Alidia Jarrett,47-824-6976,TRUE,9186,43874,GMB10101
59832,Fifi Ruskin,85-746-9708,TRUE,7671,34270,GMB10011
59833,Margalo Whiskerd,77-194-8737,TRUE,8050,95625,GMB10051
59842,Hermione Charke,70-156-3528,TRUE,6388,47593,GMB10101
59872,Alexei Kassman,10-675-6699,TRUE,8265,42767,GMB10041
59889,Morris Saltsberger,40-088-8887,TRUE,7625,14678,GMB10051
59912,Onfre Alven,17-835-7967,TRUE,9541,43246,GMB10101
59930,Lion Kunneke,08-227-2496,TRUE,7329,37882,GMB10011
59947,Velma Dowdeswell,44-016-9504,TRUE,5253,24478,GMB11101
59982,Aryn Hinners,70-070-1955,TRUE,8493,77462,GMB10041
59993,Brand Goddard,05-051-3882,TRUE,8860,53257,GMB10011
